{
  "map_size": {
    "chunks": [
      16,
      16
    ],
    "tiles": [
      256,
      256
    ]
  },
  "statistics": {
    "total_chunks": 256,
    "total_objects": 157388,
    "unique_shapes": 73
  },
  "shape_counts": {
    "156": 21293,
    "166": 17107,
    "164": 17016,
    "169": 16839,
    "167": 16815,
    "165": 16762,
    "205": 1674,
    "220": 1621,
    "344": 1620,
    "393": 1608,
    "366": 1607,
    "359": 1603,
    "362": 1602,
    "355": 1584,
    "273": 1581,
    "151": 1574,
    "152": 1568,
    "308": 1568,
    "266": 1566,
    "218": 1565
  }
}